city,station_id,month,days_reported,avg_tmax_c,total_prcp_mm,patio_days
Honolulu,USW00022521,1,31,26.6,67.3,22
Honolulu,USW00022521,2,29,26.6,7.8,20
Honolulu,USW00022521,3,31,27.4,5.9,26
Honolulu,USW00022521,4,30,27.9,36.0,22
Honolulu,USW00022521,5,31,28.6,124.6,20
Honolulu,USW00022521,6,30,30.3,1.6,17
Honolulu,USW00022521,7,31,30.8,0.6,3
Honolulu,USW00022521,8,31,31.4,4.1,1
Honolulu,USW00022521,9,30,31.6,1.7,2
Honolulu,USW00022521,10,31,31.2,13.0,3
Honolulu,USW00022521,11,30,29.1,11.9,21
Honolulu,USW00022521,12,31,28.9,2.5,26
Chicago,USW00094846,1,31,-0.7,89.0,0
Chicago,USW00094846,2,29,9.6,16.4,1
Chicago,USW00094846,3,31,11.6,91.2,3
Chicago,USW00094846,4,30,16.4,88.2,6
Chicago,USW00094846,5,31,24.0,103.2,15
Chicago,USW00094846,6,30,28.6,78.9,11
Chicago,USW00094846,7,31,28.8,149.8,18
Chicago,USW00094846,8,31,28.8,66.2,14
Chicago,USW00094846,9,30,26.8,33.5,15
Chicago,USW00094846,10,31,21.1,30.1,17
Chicago,USW00094846,11,30,11.3,92.2,0
Chicago,USW00094846,12,31,3.6,49.1,0
Denver,USW00003017,1,31,5.4,7.1,0
Denver,USW00003017,2,29,10.3,37.0,0
Denver,USW00003017,3,31,13.0,42.1,2
Denver,USW00003017,4,30,17.7,83.5,12
Denver,USW00003017,5,31,21.4,43.1,19
Denver,USW00003017,6,30,32.3,9.2,7
Denver,USW00003017,7,31,33.2,28.1,4
Denver,USW00003017,8,31,32.6,23.5,4
Denver,USW00003017,9,30,29.7,31.4,11
Denver,USW00003017,10,31,23.9,2.8,21
Denver,USW00003017,11,30,9.9,50.5,1
Denver,USW00003017,12,31,12.1,1.0,1
Dannemora NY,USC00301966,1,31,-2.4,72.9,0
Dannemora NY,USC00301966,2,29,3.9,23.9,0
Dannemora NY,USC00301966,3,31,7.3,74.7,0
Dannemora NY,USC00301966,4,29,12.3,139.0,0
Dannemora NY,USC00301966,5,31,20.9,86.5,11
Dannemora NY,USC00301966,6,30,24.5,155.6,11
Dannemora NY,USC00301966,7,0,,,0
Dannemora NY,USC00301966,8,0,,,0
Dannemora NY,USC00301966,9,29,22.5,48.2,19
Dannemora NY,USC00301966,10,31,16.7,67.3,9
Dannemora NY,USC00301966,11,30,9.5,68.2,1
Dannemora NY,USC00301966,12,31,0.2,89.1,0
Lima MT,USC00245030,1,0,-3.7,,0
Lima MT,USC00245030,2,0,,2.7,0
Lima MT,USC00245030,3,31,5.9,1.4,0
Lima MT,USC00245030,4,0,9.6,,0
Lima MT,USC00245030,5,29,14.2,1.9,6
Lima MT,USC00245030,6,30,24.9,12.5,18
Lima MT,USC00245030,7,28,29.5,13.0,6
Lima MT,USC00245030,8,30,27.0,3.1,20
Lima MT,USC00245030,9,28,24.2,2.9,16
Lima MT,USC00245030,10,31,18.2,0.8,17
Lima MT,USC00245030,11,0,,3.0,0
Lima MT,USC00245030,12,30,3.2,4.1,0
Atascadero second gauge,US1CASL0034,1,0,,64.3,0
Atascadero second gauge,US1CASL0034,2,0,,165.6,0
Atascadero second gauge,US1CASL0034,3,0,,93.3,0
Atascadero second gauge,US1CASL0034,4,0,,54.9,0
Atascadero second gauge,US1CASL0034,5,0,,4.6,0
Atascadero second gauge,US1CASL0034,6,0,,0.0,0
Atascadero second gauge,US1CASL0034,7,0,,0.0,0
Atascadero second gauge,US1CASL0034,8,0,,0.0,0
Atascadero second gauge,US1CASL0034,9,0,,7.4,0
Atascadero second gauge,US1CASL0034,10,0,,0.0,0
Atascadero second gauge,US1CASL0034,11,0,,13.2,0
Atascadero second gauge,US1CASL0034,12,0,,25.9,0
El Dorado,USC00999999,1,0,,,0
El Dorado,USC00999999,2,0,,,0
El Dorado,USC00999999,3,0,,,0
El Dorado,USC00999999,4,0,,,0
El Dorado,USC00999999,5,0,,,0
El Dorado,USC00999999,6,0,,,0
El Dorado,USC00999999,7,0,,,0
El Dorado,USC00999999,8,0,,,0
El Dorado,USC00999999,9,0,,,0
El Dorado,USC00999999,10,0,,,0
El Dorado,USC00999999,11,0,,,0
El Dorado,USC00999999,12,0,,,0
